lemma	pos	date	grouping	identifier	description	context	indexes_target_token	indexes_target_sentence	identifier_system	project	lang	user
голова	NN	example	22	22_голова_21494		-_Странно,-- покачал головой Николай Васильевич,-- она ведь была красивой девочкой.	21:28	0:83	28046	sem_cluster	ru	ek.gavrishina
голова	NN	example	22	22_голова_13250		Хозяин обхватил его голову двумя руками, соединив сверху большие пальцы, а указательные сноровисто сунул коту в рот и растянул его, отчего на детском лице кота появилась напряженная, неискренняя улыбка.	20:26	0:202	28062	sem_cluster	ru	ek.gavrishina
голова	NN	example	22	22_голова_150573		Неизменно в начале урока, кряхтя и примешивая множество русских, немецких слов к щепотке французских, он описывал свое утомление после дня работы(заведывал крупной бумажной фабрикой), и от этих длительных жалоб переходил, сразу попадая с головой в безвыходные потемки, к обсуждению-- по французски!-- международной политики, при чем требовал чуда: чтобы всё это дикое, вязкое, тяжкое, как перевозка камней по размытой дороге, обратилось вдруг в ажурную речь.	238:245	0:458	28064	sem_cluster	ru	ek.gavrishina
голова	NN	example	22	22_голова_183080		Голова и руки-- разве это не капитал для всякого человека, а тем более для такого, которому, как ему, так мало надо, и т._д.	0:6	0:124	28040	sem_cluster	ru	ek.gavrishina
голова	NN	example	22	22_голова_15863		Директор слушал, кивал большой гладкой головой-- соглашался.	39:46	0:60	28045	sem_cluster	ru	ek.gavrishina
голова	NN	example	22	22_голова_80617		Может быть, просто не приходило в голову.	34:40	0:41	28058	sem_cluster	ru	ek.gavrishina
голова	NN	example	22	22_голова_131266		Двенадцатиметровые огненные удавы скользят по железному полу и, подпрыгивая на валиках, целятся на добычу плоской тупорылой головой.	124:131	0:132	28049	sem_cluster	ru	ek.gavrishina
голова	NN	example	22	22_голова_120851		Налбандов вскинул голову и, твердо прищурясь, посмотрел в сторону, как бы прицеливаясь.	18:24	0:87	28042	sem_cluster	ru	ek.gavrishina
голова	NN	example	22	22_голова_58365		Красные, желтые, оранжевые, как разноцветные птицы, они веселыми стайками слетали с деревьев на голову и плечи девочки.	96:102	0:119	28051	sem_cluster	ru	ek.gavrishina
голова	NN	example	22	22_голова_200271		Три обстоятельства, бывшие особенно для нее важными в жизни, пришли ей в голову: смерть матери, разлука с отцовским домом и отъезд жениха в армию.	73:79	0:146	28043	sem_cluster	ru	ek.gavrishina
голова	NN	example	22	22_голова_64865		Оторвать Джо голову, а даму трахнуть для удовольствия-- проблема!	13:19	0:65	28044	sem_cluster	ru	ek.gavrishina
голова	NN	example	22	22_голова_160209		Только кое-где одинокие городовые, вобрав головы в плечи, торчат на своих постах сонливо и неподвижно.	42:48	0:102	28061	sem_cluster	ru	ek.gavrishina
голова	NN	example	22	22_голова_122044		Сколько раз в юношестве мне приходило в голову лишить себя жизни и всякий раз я отбрасывал эту мысль, зная, какое горе вызвал бы мой поступок.	40:46	0:142	28032	sem_cluster	ru	ek.gavrishina
голова	NN	example	22	22_голова_59116		Казалось бы, исчерпывающе ясный, однозначный ответ исключал всякий повод для недоумения, но оно оставалось, ибо нежданный всплеск неуправляемого чувства никак не отвечал ни его собственному представлению о жене, ни тому впечатлению, которое она производила на окружающих: красивая, сдержанная до чопорности, холодно учтивая, спокойная молодая женщина, всегда с прямой спиной и гордо посаженной головой.	394:401	0:402	28048	sem_cluster	ru	ek.gavrishina
голова	NN	example	22	22_голова_222493		Но, несмотря на это, граф Коленкур, скакавший справа в голове кирасиров Ватье, успел обогнуть редут и через тыловой въезд промчался в самое укрепление.	55:61	0:151	28030	sem_cluster	ru	ek.gavrishina
голова	NN	example	22	22_голова_20472		Лейтенант вскочил на ноги и завертел головой.	37:44	0:45	28036	sem_cluster	ru	ek.gavrishina
голова	NN	example	22	22_голова_37622		Над его головой орут и пляшут веселые девицы, которым тоже сдает комнату хозяйка дома, почтенная вдова.	8:15	0:103	28060	sem_cluster	ru	ek.gavrishina
голова	NN	example	22	22_голова_135689		Когда Бессонов заснул, положив голову на ее голое плечо, Елизавета Киевна еще долго вглядывалась близорукими глазами в его желтовато-бледное лицо, все в усталых морщинках-- на висках, под веками, у сжатого рта: чужое, но теперь навек родное лицо.	31:37	0:246	28039	sem_cluster	ru	ek.gavrishina
голова	NN	example	22	22_голова_157822		Горький обладает именно такой головой и я очень понимаю Сергеева-Ценского, сказавшему кому-то после первого свидания с Горьким, что«я еще не встречал в жизни такого классового человека, как Горький».	30:37	0:199	28053	sem_cluster	ru	ek.gavrishina
голова	NN	example	22	22_голова_197836		Какое неприятное впечатление производит арабская чернь: в халатах ходят, босые, с непокрытой головой.	93:100	0:101	28056	sem_cluster	ru	ek.gavrishina
голова	NN	example	22	22_голова_191297		Голова и вся особа маски терялись в серебристых полах двойного капюшона.	0:6	0:72	28037	sem_cluster	ru	ek.gavrishina
голова	NN	example	22	22_голова_47199		Стоило ему уплыть– и появлялась стайка серебристой мелочи, устроившая у меня над головой пастбище.	81:88	0:98	28038	sem_cluster	ru	ek.gavrishina
голова	NN	example	22	22_голова_86060		Мама скручивает ему руки и ноги, бабушка фиксирует голову, сюсюкая:«Ням-ням, Машенька, дядя тебе сейчас конфетку даст».	51:57	0:119	28047	sem_cluster	ru	ek.gavrishina
голова	NN	example	22	22_голова_123612		У стариков во многом, если хорошо и умно рассудить, была куда голова больше на месте, чем теперь у какого-нибудь бородача, который скулит об изгнании веры.	62:68	0:155	28034	sem_cluster	ru	ek.gavrishina
голова	NN	example	22	22_голова_21512		Бетонный забор, окружавший усадьбу, был высоким, и Александр, играя роль энтузиаста-активиста, забрался на крышу автобуса, который привез пикетчиков, и поднял плакат высоко над головой.	177:184	0:185	28059	sem_cluster	ru	ek.gavrishina
голова	NN	example	22	22_голова_204624		-- Потом вот так, видишь?-- и он придвинул голову Анатоля к отверстию, оставленному воротником, из которого виднелась блестящая улыбка Матреши.	43:49	0:143	28054	sem_cluster	ru	ek.gavrishina
голова	NN	example	22	22_голова_192450		Нет, я не не хочу писать, а не могу, не умею, мыслей у меня в голове нет.	62:68	0:73	28031	sem_cluster	ru	ek.gavrishina
голова	NN	example	22	22_голова_203306		Вот увидите человека!.. такой головы в мире нет, не было и...-- полковник внутренне и тихо помолился Кошуту.	30:36	0:108	28052	sem_cluster	ru	ek.gavrishina
голова	NN	example	22	22_голова_147201		Так как и они, и мы по своим средствам не могли снять целую дачу, нам пришло в голову объединиться и снять одну дачу пополам.	79:85	0:125	28050	sem_cluster	ru	ek.gavrishina
голова	NN	example	22	22_голова_81979		И не исключено, что будущие социоисторики станут ломать головы: зачем в век электричества, превосходно умея транспортировать электроэнергию, инженеры гоняли по всей Москве горячую воду?	56:62	0:185	28035	sem_cluster	ru	ek.gavrishina
голова	NN	example	22	22_голова_199867		У него никак не могла выйти из головы только что совершившаяся перед его глазами сцена: в вокзале железной дороги съехались Анна Юрьевна со своим наемным любовником, сам князь с любовницей, княгиня с любовником, и все они так мирно, с таким уважением разговаривали друг с другом; все это князю показалось по меньшей мере весьма странным!	31:37	0:337	28055	sem_cluster	ru	ek.gavrishina
голова	NN	example	22	22_голова_101496		В палату вбежал мальчик; мокрые от дождя волосы облепили его голову.	61:67	0:68	28041	sem_cluster	ru	ek.gavrishina
голова	NN	example	22	22_голова_237939		Где часовней много, там церкви почти везде в небрежении, попы не учены, не рачительны, невежи и пьяны, а потому самому нравы гораздо наклоннее к расколам; из того следует, что расколы по моему примечанию в рассуждении закона не суть важны, но заслуживают важнейшаго внимания политических голов, ибо к чему годится такая секта, которая общественную пользу считает чужою, чуждается, убегает, ненавидит и прячется от общественных прав и узаконении, наблюдая оныя только из корыстолюбия и из страху наказаний в молитвах своих, которые чтут первым долгом Божества, не упоминают имя государя, следовательно, его внутренно не признают власти, видимо считая еретиком; сограждан своих не называют соотчичами, но погаными и врагами, гнушаясь с ними есть, пить, знаться, обходиться и иметь дело.	288:293	0:784	28057	sem_cluster	ru	ek.gavrishina
голова	NN	example	22	22_голова_224318		По временам больной, действительно, засыпал, но потом внезапно вскакивал с постели, хватал себя за голову и жалобным голосом спрашивал у Наденьки, куда девался его мозг, зачем сдавили у него душу, и пр.	99:105	0:202	28063	sem_cluster	ru	ek.gavrishina
голова	NN	example	22	22_голова_76077		И вдруг заметил, что она кивает головой, но глаз у нее веселый, насмешливый и полный иронии.	32:39	0:92	28033	sem_cluster	ru	ek.gavrishina
